"Gene1","Gene2","CorrelationValue"
"Npun_R4776","Npun_F1535",-0.796710416603344
"Npun_R4776","Npun_R4301",-0.752707143248098
"Npun_R4776","Npun_F6270",-0.762615696792534
